"","biwe","T_mean_C"
"1",1,22.8905357142857
"2",2,22.0925297619048
"3",3,21.2608333333333
"4",4,23.765
"5",5,20.6070238095238
"6",6,21.6575694444444
