"","biwe","WS_mean"
"1",1,0.595607142857143
"2",2,0.627363095238095
"3",3,0.638532738095238
"4",4,0.52622619047619
"5",5,0.757913690476191
"6",6,0.830854166666667
